Date,Fatalities
19080917,1
19120712,5
19130806,1
19130909,14
19131017,30
19150305,21
19150903,19
19160728,20
19160924,22
19161001,19
19161121,27
19161128,20
19170304,20
19170330,23
19170514,21
19170614,24
19170821,18
19171020,18
19180407,23
19180510,22
19180811,19
19181216,1
19190525,1
19190719,1
19191002,1
19191014,1
19191020,0
19191030,1
19200310,1
19200330,1
19200410,1
19200411,1
19200512,1
19200606,1
19200816,2
19200901,2
19200915,2
19200927,1
19201002,2
19201005,2
19201015,1
19201107,1
19201214,4
19201224,1
19210203,1
19210209,3
19210215,2
19210222,1
19210406,1
19210421,1
19210429,1
19210517,1
19210716,1
19210814,2
19210824,46
19210906,5
19211205,3
19220114,5
19220221,34
19220407,7
19220408,17
19220413,3
19220603,3
19220726,3
19220907,1
19221002,4
19221025,2
19221203,1
19230110,3
19230117,1
19230118,1
19230226,1
19230514,6
19230827,2
19230907,1
19230914,6
19231118,2
19231206,1
19231223,52
19231224,1
19240307,1
19240424,3
19240608,3
19240801,1
19241106,1
19241221,1
19241224,8
19250322,5
19250425,4
19250525,2
19250625,4
19250626,2
19250720,1
19250724,1
19250903,14
19250907,3
19251001,1
19251114,2
19260212,1
19260308,1
19260531,1
19260703,7
19260709,2
19260724,4
19260818,4
19260926,2
19261008,4
19261021,0
19261111,3
19261216,1
19270112,2
19270320,1
19270324,3
19270415,1
19270422,3
19270502,1
19270727,5
19270822,1
19270903,1
19270917,7
19270922,2
19270923,6
19271006,2
19271030,4
19271116,7
19271129,1
19271226,2
19271228,1
19271231,4
19280108,3
19280116,2
19280122,3
19280127,1
19280226,1
19280303,10
19280311,2
19280417,1
19280419,9
19280507,1
19280512,2
19280526,3
19280614,5
19280622,1
19280710,6
19280713,4
19280724,1
19280825,7
19280902,3
19280904,8
19280906,3
19281004,3
19281018,1
19281031,1
19281115,1
19281124,3
19281125,4
19281201,5
19281203,14
19281204,6
19281211,3
19281220,1
19281223,4
19281231,2
19290105,1
19290118,1
19290125,2
19290131,3
19290317,14
19290330,4
19290421,6
19290518,2
19290522,4
19290610,2
19290614,1
19290617,7
19290624,1
19290629,6
19290811,4
19290813,1
19290824,5
19290902,1
19290903,8
19290906,3
19290917,7
19291026,7
19291029,1
19291031,2
19291104,4
19291106,7
19291115,3
19291130,1
19291202,1
19291214,3
19291219,2
19291230,5
19300110,1
19300113,3
19300119,16
19300125,2
19300127,5
19300203,1
19300210,2
19300418,4
19300510,3
19300605,1
19300707,5
19300710,5
19300822,10
19300911,2
19300925,3
19301005,48
19301006,8
19301012,4
19301028,3
19301030,4
19301107,1
19301118,3
19301209,4
19310108,2
19310122,1
19310208,1
19310220,2
19310224,1
19310321,8
19310331,8
19310414,2
19310505,2
19310522,1
19310524,1
19310607,4
19310611,2
19310613,4
19310712,2
19310714,2
19310721,1
19310724,7
19310809,6
19310914,1
19310916,4
19311006,3
19311014,3
19311105,5
19311113,3
19311123,1
19311124,3
19311126,1
19311205,2
19311206,5
19311209,2
19311231,4
19320121,1
19320129,8
19320201,5
19320202,2
19320227,3
19320308,2
19320319,7
19320321,1
19320329,3
19320331,1
19320421,1
19320503,2
19320516,3
19320716,9
19320812,1
19320830,2
19320908,3
19320917,1
19320918,3
19321012,1
19321026,2
19321029,2
19321102,5
19321125,2
19321214,3
19321226,2
19330110,1
19330114,2
19330120,2
19330124,1
19330311,2
19330325,3
19330328,15
19330403,1
19330404,73
19330423,6
19330429,4
19330509,6
19330602,1
19330829,5
19330912,8
19331010,10
19331031,2
19331109,4
19331110,1
19331120,8
19331121,14
19331124,2
19331211,7
19331214,4
19331230,10
19340115,14
19340120,2
19340223,8
19340226,1
19340306,4
19340310,5
19340322,3
19340410,3
19340509,6
19340531,2
19340609,7
19340611,5
19340622,1
19340623,1
19340709,3
19340727,12
19340805,2
19340810,0
19340831,5
19341003,3
19341019,11
19341102,2
19341115,10
19341207,3
19341208,1
19341210,4
19341220,7
19341222,1
19350126,1
19350131,11
19350307,3
19350315,3
19350329,5
19350401,1
19350406,7
19350501,1
19350506,5
19350518,53
19350527,1
19350528,2
19350529,6
19350624,17
19350714,6
19350719,2
19350720,13
19350813,0
19350814,4
19350815,5
19350901,3
19351002,5
19351007,12
19351009,6
19351021,1
19351030,4
19351102,4
19351109,15
19351111,3
19351204,1
19351210,11
19351224,3
19351231,12
19360114,17
19360117,13
19360121,6
19360129,1
19360215,4
19360305,0
19360326,14
19360401,2
19360407,13
19360411,3
19360415,7
19360417,3
19360421,2
19360430,2
19360516,2
19360609,1
19360613,1
19360616,7
19360731,7
19360802,3
19360803,1
19360805,8
19360806,2
19360812,2
19360822,2
19360925,2
19360928,3
19360929,4
19361006,1
19361009,1
19361101,11
19361106,9
19361117,4
19361119,2
19361204,6
19361207,5
19361209,15
19361215,7
19361218,2
19361219,14
19361223,6
19361226,0
19361227,12
19370112,5
19370126,12
19370209,11
19370219,5
19370312,4
19370324,5
19370325,13
19370326,2
19370506,35
19370520,4
19370702,2
19370728,15
19370802,9
19370803,14
19370808,3
19370810,4
19370823,3
19370827,1
19371001,2
19371006,4
19371017,19
19371112,10
19371116,11
19371126,3
19371205,2
19371208,2
19371224,3
19380104,6
19380110,10
19380111,7
19380112,1
19380202,11
19380205,13
19380209,10
19380222,3
19380301,9
19380307,7
19380308,1
19380323,8
19380412,19
19380505,1
19380510,2
19380516,9
19380522,2
19380524,10
19380527,4
19380608,3
19380619,4
19380708,10
19380714,20
19380722,14
19380724,1
19380727,4
19380729,15
19380810,18
19380813,16
19380815,9
19380818,20
19380824,14
19380829,5
19381001,17
19381010,20
19381025,18
19381102,2
19381104,14
19381114,6
19381118,2
19381126,11
19381127,4
19381129,7
19381208,10
19381209,4
19381212,13
19390107,5
19390113,13
19390118,4
19390121,3
19390224,10
19390314,3
19390316,8
19390318,10
19390326,8
19390403,9
19390501,2
19390502,9
19390508,1
19390610,3
19390720,6
19390804,7
19390813,14
19390815,5
19390828,2
19390830,7
19390926,1
19391120,2
19391218,10
19391221,5
19391224,7
19400115,8
19400301,8
19400422,3
19400602,5
19400614,9
19400620,1
19400707,0
19400809,2
19400813,10
19400823,14
19400831,25
19401029,11
19401104,10
19401108,29
19401109,18
19401127,6
19401204,10
19410115,10
19410118,12
19410120,5
19410123,2
19410206,12
19410226,9
19410301,3
19410328,10
19410603,6
19410619,15
19410621,18
19410810,22
19410814,22
19410818,8
19410901,23
19411003,2
19411028,13
19411030,34
19411211,3
19420116,22
19420120,11
19420124,0
19420126,0
19420130,13
19420214,0
19420215,9
19420220,9
19420228,20
19420303,27
19420314,13
19420421,12
19420501,17
19420512,3
19420701,21
19420707,10
19420720,13
19420813,4
19420821,4
19420822,13
19420823,13
19420825,13
19420927,25
19421001,22
19421003,11
19421022,17
19421023,12
19421030,10
19421215,17
19421219,2
19430109,13
19430115,35
19430118,26
19430121,19
19430122,14
19430209,19
19430218,10
19430222,25
19430311,3
19430313,3
19430327,24
19430422,13
19430601,17
19430607,20
19430614,40
19430616,17
19430630,16
19430704,12
19430728,32
19430801,10
19430807,27
19430811,3
19430827,25
19430910,22
19430920,25
19430922,20
19431015,15
19431019,24
19431022,33
19431108,1
19431119,5
19431126,15
19431218,3
19431219,31
19431229,25
19440115,5
19440210,24
19440220,2
19440221,16
19440322,21
19440406,6
19440417,5
19440421,9
19440425,16
19440526,12
19440527,14
19440606,66
19440608,6
19440618,2
19440620,10
19440726,26
19440727,22
19440731,22
19440803,28
19440808,17
19440812,2
19440823,3
19440828,20
19440830,16
19440902,5
19440907,20
19440918,19
19440921,17
19440927,9
19441007,3
19441010,7
19441011,1
19441016,15
19441017,1
19441018,24
19441104,24
19441109,0
19441119,25
19441129,41
19441130,3
19441201,9
19441203,5
19441215,3
19450106,4
19450108,23
19450110,24
19450114,4
19450116,3
19450123,11
19450131,10
19450202,23
19450206,23
19450213,24
19450215,11
19450223,30
19450327,24
19450409,3
19450414,20
19450419,13
19450420,43
19450421,21
19450423,31
19450427,6
19450505,21
19450506,30
19450509,31
19450513,20
19450530,21
19450615,3
19450624,2
19450625,27
19450629,2
19450630,12
19450704,15
19450711,28
19450712,3
19450728,3
19450801,12
19450803,4
19450811,16
19450907,22
19450911,11
19450915,23
19450918,29
19450928,20
19451005,25
19451007,26
19451013,31
19451016,59
19451020,56
19451023,14
19451024,5
19451030,45
19451101,26
19451103,44
19451108,22
19451109,24
19451111,93
19451115,28
19451122,27
19451203,28
19451205,14
19451208,17
19451218,15
19451225,8
19451230,1
19460106,3
19460109,18
19460115,23
19460118,17
19460119,7
19460130,11
19460131,21
19460205,20
19460221,1
19460303,27
19460305,10
19460310,25
19460317,20
19460318,0
19460319,26
19460323,10
19460405,4
19460408,14
19460422,19
19460430,12
19460510,28
19460516,27
19460522,13
19460601,30
19460609,41
19460629,20
19460709,25
19460711,5
19460713,13
19460717,30
19460718,13
19460720,20
19460725,22
19460807,3
19460809,4
19460814,1
19460820,8
19460821,2
19460824,6
19460903,22
19460904,20
19460905,21
19460906,24
19460907,4
19460915,21
19460917,1
19460918,27
19460919,25
19460920,31
19460925,19
19460927,25
19461003,39
19461006,21
19461007,1
19461008,2
19461010,16
19461017,24
19461023,1
19461101,23
19461111,2
19461113,26
19461114,26
19461116,23
19461126,22
19461130,5
19461204,24
19461210,56
19461214,12
19461217,7
19461223,21
19461224,12
19461225,87
19461228,17
19470103,11
19470105,41
19470111,15
19470112,18
19470114,21
19470122,17
19470125,35
19470126,22
19470128,25
19470201,15
19470205,1
19470206,12
19470214,2
19470215,69
19470221,21
19470226,12
19470308,22
19470314,23
19470317,8
19470318,11
19470408,27
19470413,6
19470422,10
19470428,15
19470511,4
19470529,108
19470530,53
19470604,2
19470611,5
19470613,50
19470619,14
19470701,13
19470713,14
19470715,1
19470716,6
19470725,2
19470731,26
19470802,11
19470806,20
19470808,3
19470809,1
19470813,3
19470821,3
19470823,10
19470828,35
19471008,0
19471016,44
19471024,53
19471026,62
19471031,25
19471102,5
19471111,0
19471113,2
19471118,25
19471121,13
19471127,37
19471128,20
19471130,8
19471210,23
19471211,20
19471223,25
19471227,23
19471228,5
19480106,17
19480107,18
19480108,9
19480111,31
19480113,5
19480120,3
19480128,32
19480130,31
19480207,1
19480212,12
19480220,7
19480221,14
19480223,12
19480225,2
19480227,23
19480302,24
19480307,5
19480310,12
19480312,30
19480313,6
19480315,14
19480327,19
19480405,15
19480415,30
19480513,41
19480515,13
19480516,2
19480520,3
19480525,4
19480610,6
19480617,43
19480626,1
19480701,8
19480704,32
19480707,16
19480714,5
19480716,25
19480724,26
19480729,37
19480801,56
19480809,2
19480820,3
19480829,37
19480831,13
19480902,13
19481002,19
19481020,40
19481023,13
19481027,2
19481103,13
19481104,17
19481108,3
19481111,8
19481126,21
19481205,9
19481206,7
19481212,2
19481215,30
19481221,56
19481223,27
19481228,32
19481231,12
19490102,14
19490105,3
19490106,2
19490111,12
19490115,30
19490116,13
19490117,40
19490120,5
19490130,2
19490202,6
19490204,1
19490205,3
19490208,27
19490210,16
19490219,14
19490224,45
19490310,16
19490315,3
19490318,15
19490504,31
19490507,13
19490606,22
19490607,80
19490623,33
19490702,18
19490712,80
19490719,2
19490730,16
19490802,5
19490803,5
19490806,34
19490809,12
19490813,32
19490815,8
19490819,24
19490821,21
19490827,5
19490909,23
19490926,24
19490927,5
19491009,4
19491028,48
19491101,55
19491104,3
19491120,34
19491128,5
19491129,28
19491201,20
19491207,9
19491209,38
19491210,17
19491212,32
19491216,17
19491218,8
19491230,7
19500118,16
19500120,32
19500124,18
19500126,44
19500202,7
19500227,5
19500307,13
19500310,4
19500312,80
19500325,15
19500328,12
19500405,3
19500415,25
19500421,35
19500502,15
19500517,16
19500523,39
19500524,25
19500527,1
19500530,13
19500605,28
19500609,15
19500612,46
19500614,40
19500623,58
19500626,29
19500707,23
19500709,22
19500717,22
19500718,9
19500727,25
19500728,50
19500729,26
19500805,12
19500825,12
19500831,55
19500904,16
19500914,8
19500920,26
19500921,10
19500923,10
19500926,23
19501013,10
19501017,28
19501031,28
19501103,48
19501106,21
19501113,52
19501117,2
19501121,21
19501123,9
19501125,3
19501201,8
19501208,51
19501213,30
19501215,31
19501219,38
19501222,2
19501230,17
19510112,12
19510113,10
19510114,7
19510116,10
19510117,14
19510128,16
19510131,20
19510201,14
19510203,29
19510214,2
19510302,16
19510311,24
19510321,27
19510322,56
19510326,11
19510402,26
19510406,22
19510408,21
19510409,16
19510425,43
19510428,11
19510506,23
19510508,2
19510518,6
19510603,10
19510606,2
19510615,3
19510622,40
19510629,14
19510630,50
19510712,46
19510716,7
19510720,3
19510721,37
19510724,3
19510729,7
19510808,2
19510811,5
19510817,10
19510824,50
19510908,13
19510912,42
19510915,22
19510929,27
19511008,8
19511015,29
19511017,23
19511022,12
19511027,25
19511105,1
19511113,36
19511115,16
19511119,5
19511121,16
19511124,6
19511127,13
19511204,3
19511213,3
19511216,56
19511223,22
19511229,26
19511230,32
19511231,3
19520102,6
19520110,23
19520119,36
19520122,23
19520204,15
19520207,17
19520211,29
19520216,31
19520219,12
19520228,8
19520303,38
19520310,3
19520312,15
19520322,48
19520324,17
19520326,70
19520329,12
19520330,10
19520405,2
19520409,37
19520410,4
19520411,52
19520418,29
19520429,50
19520430,9
19520505,11
19520509,17
19520513,5
19520524,6
19520526,1
19520613,8
19520624,11
19520625,11
19520727,1
19520812,24
19520821,7
19520826,18
19520829,2
19520906,1
19520910,46
19520915,3
19521008,14
19521014,14
19521016,25
19521029,16
19521106,5
19521107,19
19521114,44
19521115,20
19521117,9
19521122,52
19521128,37
19521206,55
19521220,87
19521221,3
19521225,30
19521230,2
19530105,27
19530107,47
19530115,26
19530126,19
19530202,39
19530203,18
19530207,5
19530209,30
19530214,46
19530303,11
19530304,2
19530314,16
19530317,8
19530318,23
19530320,35
19530327,14
19530329,13
19530410,17
19530414,10
19530416,30
19530420,8
19530502,43
19530507,10
19530509,18
19530511,2
19530517,19
19530525,0
19530615,18
19530616,34
19530617,17
19530618,129
19530712,58
19530717,44
19530727,21
19530803,5
19530805,14
19530818,2
19530901,63
19530908,3
19530914,1
19530916,28
19530925,5
19530928,25
19531014,44
19531017,2
19531019,23
19531029,19
19531103,28
19531111,10
19531204,23
19531212,13
19531215,2
19531217,11
19531219,1
19531221,9
19540102,21
19540105,4
19540106,16
19540110,35
19540111,21
19540113,1
19540114,31
19540120,3
19540201,35
19540205,10
19540212,10
19540225,3
19540226,9
19540304,20
19540313,33
19540314,2
19540319,18
19540326,18
19540403,25
19540404,4
19540408,57
19540413,32
19540423,25
19540430,5
19540522,3
19540531,19
19540603,1
19540604,3
19540608,4
19540619,3
19540702,20
19540723,10
19540808,2
19540809,30
19540812,3
19540816,47
19540822,12
19540823,21
19540827,26
19540905,28
19540912,6
19540915,3
19541024,21
19541030,84
19541031,3
19541116,24
19541130,2
19541204,28
19541212,4
19541218,28
19541222,10
19541225,28
19541229,45
19541231,17
19550111,18
19550112,15
19550119,0
19550131,5
19550202,10
19550205,13
19550213,29
19550219,16
19550223,1
19550306,5
19550308,26
19550309,8
19550320,13
19550322,66
19550326,4
19550402,2
19550404,3
19550411,19
19550418,12
19550518,20
19550521,4
19550526,2
19550603,3
19550616,16
19550618,18
19550714,22
19550717,22
19550727,58
19550804,30
19550806,25
19550811,66
19550826,13
19550830,2
19550902,9
19550908,3
19550910,16
19550917,2
19550921,15
19550924,3
19550929,1
19551002,19
19551006,66
19551010,7
19551101,44
19551117,42
19551120,10
19551130,10
19551201,6
19551217,2
19551219,26
19551221,17
19560112,1
19560117,4
19560118,22
19560128,3
19560213,2
19560214,2
19560217,40
19560218,50
19560220,52
19560224,19
19560225,3
19560321,2
19560328,1
19560331,21
19560401,22
19560402,5
19560409,6
19560418,3
19560430,2
19560515,16
19560524,30
19560620,74
19560624,32
19560630,128
19560709,1
19560713,46
19560716,18
19560808,12
19560829,15
19560909,1
19561002,5
19561010,59
19561016,0
19561019,3
19561028,23
19561105,5
19561107,2
19561115,25
19561117,36
19561124,57
19561127,25
19561208,14
19561209,62
19561212,5
19561222,24
19561230,11
19570106,1
19570111,17
19570123,16
19570129,2
19570131,5
19570201,21
19570222,22
19570302,5
19570305,18
19570309,15
19570314,20
19570317,24
19570318,19
19570322,67
19570407,40
19570408,34
19570410,26
19570415,3
19570417,24
19570420,1
19570501,34
19570505,1
19570509,37
19570513,20
19570614,9
19570618,9
19570622,3
19570623,14
19570701,24
19570716,58
19570725,1
19570811,79
19570815,23
19570820,8
19570829,12
19570903,8
19570915,12
19570918,1
19570928,3
19571003,27
19571018,2
19571023,7
19571028,21
19571030,3
19571106,15
19571109,44
19571115,47
19571121,4
19571208,61
19571210,3
19571211,2
19571223,23
19571231,9
19580116,3
19580120,11
19580201,52
19580206,23
19580219,15
19580220,22
19580227,35
19580307,34
19580322,4
19580324,20
19580325,9
19580327,18
19580402,3
19580406,47
19580407,32
19580414,16
19580421,49
19580515,21
19580516,3
19580518,61
19580520,11
19580525,4
19580531,19
19580602,46
19580604,1
19580616,19
19580625,7
19580627,15
19580709,3
19580809,36
19580812,43
19580814,99
19580815,88
19580902,39
19580905,13
19580908,13
19580909,8
19580915,15
19580929,5
19581009,19
19581014,23
19581015,20
19581017,80
19581018,11
19581022,31
19581101,17
19581103,8
19581108,3
19581109,36
19581116,2
19581204,21
19581224,9
19581226,3
19581230,21
19590106,5
19590108,10
19590111,36
19590114,2
19590116,51
19590121,4
19590122,10
19590127,2
19590201,3
19590203,69
19590217,14
19590218,5
19590305,15
19590312,5
19590313,1
19590329,33
19590330,2
19590417,26
19590423,12
19590429,28
19590502,5
19590512,33
19590513,12
19590515,10
19590521,8
19590601,60
19590623,14
19590626,68
19590630,0
19590803,6
19590814,2
19590815,5
19590819,32
19590827,2
19590902,2
19590908,1
19590912,3
19590923,20
19590924,69
19590929,34
19591026,1
19591029,18
19591030,26
19591104,5
19591116,82
19591121,24
19591124,3
19591201,25
19591208,45
19591213,29
19591217,3
19591221,2
19591222,33
19591224,1
19591231,11
19600103,9
19600106,34
19600110,10
19600118,50
19600119,42
19600121,37
19600126,9
19600205,59
19600226,127
19600315,6
19600316,3
19600317,63
19600319,25
19600405,2
19600412,10
19600414,18
19600418,9
19600419,37
19600420,4
19600422,35
19600428,13
19600515,12
19600518,10
19600523,4
19600610,29
19600614,14
19600624,54
19600706,18
19600710,16
19600711,18
19600714,1
19600715,1
19600719,37
19600727,13
19600731,1
19600801,6
19600817,55
19600824,3
19600829,63
19600907,31
19600919,80
19600922,29
19600926,31
19600928,8
19600929,21
19601004,62
19601014,11
19601015,2
19601021,3
19601028,12
19601029,22
19601105,4
19601107,37
19601123,33
19601207,15
19601211,31
19601216,128
19601217,20
19601222,28
19610102,10
19610103,25
19610119,4
19610122,6
19610124,21
19610126,23
19610128,6
19610203,26
19610215,72
19610309,12
19610325,23
19610328,52
19610403,24
19610510,78
19610524,22
19610529,13
19610530,61
19610612,20
19610617,1
19610630,24
19610710,1
19610711,17
19610712,72
19610719,67
19610721,6
19610806,27
19610809,39
19610813,6
19610829,1
19610901,78
19610905,5
19610906,2
19610910,83
19610912,77
19610917,53
19610923,28
19611007,34
19611010,17
19611101,47
19611108,77
19611111,3
19611123,73
19611130,15
19611204,3
19611212,13
19611215,2
19611221,27
19611224,1
19611229,14
19620113,5
19620122,6
19620127,13
19620204,18
19620225,25
19620301,95
19620304,111
19620306,2
19620308,31
19620315,108
19620320,11
19620327,22
19620406,31
19620422,40
19620506,12
19620508,32
19620509,23
19620512,15
19620515,3
19620517,13
19620522,71
19620603,130
19620604,5
19620622,112
19620628,81
19620630,84
19620706,14
19620707,94
19620709,6
19620715,1
19620716,9
19620719,26
19620722,27
19620728,81
19620730,4
19620801,10
19620820,15
19620823,20
19620824,9
19620902,86
19620903,12
19620904,13
19620910,59
19620921,8
19620923,28
19621010,2
19621012,21
19621019,1
19621025,10
19621110,27
19621119,4
19621123,62
19621126,26
19621127,97
19621130,25
19621206,24
19621214,55
19621219,33
19621220,12
19621222,1
19621228,1
19621229,25
19630114,5
19630115,13
19630117,3
19630126,1
19630129,8
19630130,14
19630201,17
19630203,3
19630208,7
19630212,43
19630228,0
19630302,27
19630305,4
19630315,45
19630320,18
19630323,10
19630330,11
19630414,12
19630503,92
19630512,34
19630603,130
19630610,20
19630616,50
19630623,38
19630626,38
19630701,15
19630702,7
19630703,23
19630713,35
19630715,6
19630717,6
19630727,63
19630808,13
19630812,20
19630814,1
19630817,19
19630821,0
19630828,16
19630904,80
19630911,58
19630922,10
19631009,6
19631014,6
19631018,31
19631020,5
19631022,7
19631108,22
19631129,118
19631207,3
19631208,81
19631212,3
19631215,6
19631217,0
19640109,28
19640122,2
19640203,13
19640204,2
19640208,4
19640215,4
19640218,13
19640221,31
19640222,24
19640225,58
19640227,20
19640229,83
19640301,85
19640308,29
19640310,5
19640312,5
19640320,3
19640328,54
19640412,15
19640417,51
19640507,44
19640508,56
19640511,79
19640520,11
19640527,3
19640604,3
19640613,2
19640619,2
19640620,57
19640621,1
19640707,5
19640708,1
19640709,39
19640714,3
19640716,0
19640731,2
19640802,3
19640805,2
19640822,0
19640902,87
19640904,67
19640915,2
19641002,81
19641009,32
19641016,2
19641019,33
19641103,5
19641115,29
19641117,10
19641120,31
19641123,50
19641129,6
19641204,4
19641208,17
19641211,38
19641221,1
19641224,4
19641229,5
19641230,4
19650105,3
19650113,2
19650116,17
19650117,10
19650122,10
19650203,4
19650206,87
19650208,84
19650213,2
19650214,4
19650308,35
19650317,8
19650322,28
19650325,16
19650326,22
19650331,50
19650409,2
19650410,54
19650414,26
19650417,2
19650423,5
19650505,30
19650520,119
19650615,18
19650625,85
19650628,0
19650701,0
19650706,41
19650707,30
19650708,52
19650711,16
19650715,8
19650717,11
19650725,37
19650804,7
19650812,13
19650816,30
19650820,4
19650824,59
19650904,4
19650911,11
19650914,17
19650916,47
19650917,30
19650927,3
19651008,4
19651017,27
19651018,13
19651020,1
19651027,36
19651102,30
19651103,68
19651108,88
19651110,32
19651111,43
19651112,2
19651114,8
19651127,13
19651204,4
19651207,32
19651211,85
19651212,2
19651216,2
19651229,3
19660101,34
19660115,56
19660122,30
19660124,117
19660125,46
19660127,3
19660128,46
19660204,133
19660207,37
19660208,2
19660215,2
19660218,4
19660304,64
19660305,124
19660308,6
19660310,11
19660318,30
19660320,2
19660405,2
19660409,11
19660417,2
19660422,83
19660427,49
19660504,20
19660506,2
19660518,11
19660616,3
19660620,2
19660627,6
19660629,24
19660704,2
19660711,11
19660715,10
19660724,4
19660803,3
19660806,42
19660811,24
19660813,6
19660815,4
19660816,6
19660817,1
19660821,9
19660901,98
19660904,4
19660916,1
19660922,26
19661001,18
19661004,14
19661008,11
19661009,6
19661102,2
19661106,3
19661111,19
19661113,50
19661115,3
19661120,3
19661122,30
19661124,82
19661126,25
19661201,9
19661202,21
19661218,17
19661224,33
19670105,9
19670106,3
19670117,13
19670121,2
19670206,1
19670207,32
19670209,10
19670210,4
19670215,2
19670216,22
19670220,4
19670228,12
19670304,51
19670305,38
19670308,4
19670309,26
19670310,29
19670311,4
19670313,25
19670316,2
19670327,2
19670330,6
19670401,2
19670402,5
19670403,9
19670408,15
19670411,35
19670417,23
19670420,126
19670425,14
19670427,36
19670428,12
19670501,3
19670504,4
19670512,16
19670515,4
19670519,3
19670603,88
19670604,72
19670609,10
19670611,17
19670612,5
19670615,20
19670617,35
19670622,10
19670623,56
19670624,16
19670630,24
19670706,21
19670719,124
19670725,34
19670726,7
19670831,11
19670904,11
19670905,37
19670908,3
19671008,25
19671012,66
19671013,4
19671024,16
19671103,21
19671104,39
19671105,1
19671106,1
19671116,130
19671120,70
19671123,5
19671125,3
19671130,26
19671207,10
19671208,72
19671210,7
19671213,2
19671215,2
19671221,15
19671225,4
19671229,11
19671230,44
19671231,6
19680108,47
19680110,19
19680115,4
19680116,12
19680117,13
19680127,15
19680206,12
19680207,99
19680216,21
19680221,3
19680224,37
19680229,82
19680306,112
19680308,14
19680309,19
19680319,2
19680323,3
19680324,61
19680327,4
19680401,12
19680408,41
19680410,22
19680419,37
19680420,123
19680422,5
19680427,5
19680430,22
19680503,85
19680507,11
19680512,155
19680514,4
19680522,23
19680528,29
19680601,3
19680613,6
19680618,6
19680622,120
19680625,29
19680628,1
19680703,6
19680707,4
19680708,11
19680713,7
19680715,3
19680718,5
19680728,10
19680801,3
19680802,13
19680804,3
19680809,48
19680810,35
19680814,21
19680818,40
19680820,4
19680828,0
19680831,5
19680903,47
19680908,2
19680911,95
19680924,11
19680928,57
19681001,3
19681003,38
19681008,14
19681010,2
19681011,11
19681019,10
19681020,19
19681021,23
19681025,32
19681121,7
19681122,0
19681123,9
19681125,26
19681126,2
19681202,39
19681206,3
19681208,3
19681212,51
19681224,22
19681226,15
19681227,27
19681231,52
19690102,26
19690105,50
19690106,35
19690113,15
19690116,12
19690118,38
19690204,13
19690205,23
19690218,35
19690224,36
19690305,19
19690308,15
19690313,1
19690316,84
19690319,3
19690320,116
19690402,79
19690407,1
19690415,31
19690416,45
19690419,9
19690421,44
19690424,1
19690425,18
19690505,22
19690506,30
19690507,2
19690523,6
19690525,1
19690604,79
19690605,22
19690620,2
19690629,14
19690706,14
19690712,35
19690713,2
19690715,3
19690724,4
19690725,1
19690726,38
19690730,3
19690803,4
19690805,3
19690819,13
19690825,1
19690826,16
19690831,3
19690902,35
19690906,4
19690908,28
19690909,83
19690912,45
19690914,20
19690917,4
19690920,74
19690921,27
19690926,79
19691002,26
19691003,5
19691109,2
19691112,2
19691113,9
19691119,14
19691120,87
19691203,62
19691206,8
19691208,90
19691210,3
19691222,10
19691223,15
19700101,2
19700105,5
19700112,23
19700113,32
19700114,28
19700124,2
19700125,20
19700128,43
19700129,11
19700204,58
19700206,92
19700210,5
19700212,12
19700213,10
19700215,102
19700218,4
19700219,17
19700221,47
19700306,11
19700314,38
19700316,23
19700322,3
19700326,6
19700401,106
19700402,3
19700421,46
19700425,19
19700428,8
19700502,23
19700504,13
19700506,5
19700509,7
19700515,11
19700522,6
19700526,6
19700530,1
19700601,13
19700602,1
19700610,5
19700703,117
19700705,109
19700718,23
19700724,7
19700727,4
19700730,37
19700803,10
19700806,30
19700809,99
19700812,14
19700826,30
19700829,39
19700830,3
19700902,37
19700903,22
19700908,11
19700909,1
19700922,4
19700926,8
19700930,38
19701001,8
19701002,73
19701004,2
19701006,3
19701010,3
19701016,2
19701028,2
19701114,75
19701124,18
19701127,126
19701129,42
19701202,4
19701205,5
19701207,18
19701219,25
19701228,2
19701230,7
19701231,124
19710102,16
19710109,2
19710118,45
19710121,56
19710122,13
19710123,2
19710125,18
19710131,7
19710207,3
19710217,12
19710326,15
19710331,69
19710415,39
19710420,2
19710421,8
19710422,4
19710506,12
19710511,5
19710512,2
19710523,78
19710526,11
19710528,6
19710606,50
19710607,28
19710613,24
19710617,6
19710627,17
19710703,68
19710721,3
19710724,6
19710725,101
19710730,200
19710807,100
19710812,2
19710818,37
19710819,3
19710828,32
19710904,111
19710906,22
19710915,5
19710916,54
19710928,32
19711002,63
19711013,20
19711016,16
19711017,20
19711021,16
19711023,31
19711024,4
19711109,52
19711110,69
19711112,47
19711121,25
19711128,34
19711201,57
19711204,2
19711206,10
19711209,21
19711221,28
19711224,91
19720106,23
19720107,104
19720118,3
19720121,60
19720126,27
19720201,6
19720204,3
19720205,19
19720211,23
19720216,2
19720219,5
19720220,4
19720222,8
19720303,16
19720313,5
19720314,112
19720319,22
19720328,14
19720406,2
19720412,25
19720416,18
19720417,3
19720418,43
19720420,6
19720424,4
19720426,6
19720504,18
19720505,115
19720508,7
19720510,34
19720519,9
19720521,22
19720527,8
19720529,20
19720530,4
19720601,2
19720603,16
19720605,32
19720613,50
19720614,82
19720615,81
19720618,257
19720624,5
19720625,3
19720629,20
19720630,2
19720705,3
19720706,10
19720711,71
19720720,1
19720729,38
19720812,48
19720814,156
19720816,26
19720827,34
19720828,25
19720831,101
19720901,4
19720907,1
19720910,11
19720913,31
19720924,10
19720930,1
19721002,118
19721012,2
19721013,203
19721016,4
19721021,37
19721023,1
19721027,60
19721030,27
19721031,22
19721104,35
19721117,11
19721128,62
19721129,2
19721203,155
19721205,18
19721206,3
19721208,69
19721215,2
19721220,10
19721221,27
19721223,40
19721229,103
19721231,5
19730102,5
19730119,4
19730122,220
19730127,6
19730129,37
19730131,2
19730212,4
19730219,71
19730221,132
19730222,2
19730224,79
19730228,78
19730303,25
19730305,71
19730307,4
19730315,8
19730319,62
19730410,108
19730412,31
19730418,4
19730419,6
19730511,65
19730516,2
19730518,100
19730519,11
19730529,4
19730531,48
19730601,23
19730603,6
19730609,2
19730620,27
19730630,5
19730711,123
19730722,78
19730723,38
19730724,5
19730731,89
19730804,5
19730813,85
19730815,10
19730818,56
19730822,16
19730827,42
19730828,25
19730904,4
19730908,6
19730909,4
19730911,41
19730920,6
19730924,2
19730925,3
19730927,11
19730930,117
19731002,10
19731004,8
19731012,8
19731013,119
19731015,7
19731023,8
19731029,4
19731031,2
19731102,6
19731103,4
19731117,27
19731207,13
19731209,8
19731211,10
19731216,51
19731217,30
19731218,2
19731221,26
19731222,106
19731223,17
19731228,1
19740101,38
19740106,40
19740109,31
19740110,24
19740117,14
19740125,6
19740126,66
19740127,3
19740128,4
19740130,96
19740202,1
19740209,35
19740210,2
19740222,1
19740223,7
19740228,10
19740303,346
19740308,18
19740311,4
19740313,36
19740315,15
19740404,78
19740411,11
19740422,107
19740424,1
19740427,118
19740430,6
19740502,22
19740506,3
19740523,32
19740531,2
19740608,44
19740627,19
19740630,5
19740724,3
19740727,5
19740805,5
19740809,9
19740811,47
19740812,27
19740813,4
19740814,48
19740818,38
19740907,35
19740908,88
19740911,70
19740915,75
19740919,5
19740922,2
19741001,6
19741002,2
19741009,3
19741010,6
19741013,6
19741017,5
19741019,1
19741022,2
19741024,4
19741027,4
19741028,2
19741030,32
19741107,3
19741115,5
19741120,61
19741122,4
19741201,95
19741204,191
19741211,5
19741212,54
19741214,7
19741222,77
19741226,4
19741229,33
19750103,70
19750105,3
19750106,12
19750108,21
19750109,14
19750113,5
19750115,9
19750116,16
19750130,43
19750201,7
19750203,32
19750209,40
19750216,3
19750222,5
19750227,15
19750305,2
19750312,26
19750316,55
19750318,5
19750320,16
19750404,155
19750422,3
19750428,2
19750503,3
19750510,2
19750512,6
19750513,23
19750603,1
19750617,1
19750624,113
19750626,2
19750630,3
19750702,8
19750703,10
19750710,4
19750715,45
19750726,6
19750731,38
19750803,208
19750807,0
19750815,28
19750820,126
19750825,2
19750830,30
19750901,26
19750911,1
19750924,25
19750930,71
19751023,11
19751026,2
19751027,67
19751030,75
19751103,9
19751107,4
19751109,3
19751117,38
19751118,15
19751120,19
19751122,8
19751125,20
19751129,6
19751130,2
19751221,9
19751226,9
19760101,82
19760103,67
19760106,4
19760108,7
19760115,16
19760118,7
19760120,34
19760121,40
19760122,9
19760130,6
19760203,2
19760204,3
19760206,7
19760208,3
19760209,24
19760221,5
19760301,6
19760302,19
19760306,120
19760307,6
19760318,5
19760402,5
19760405,1
19760408,9
19760414,34
19760415,6
19760423,12
19760427,42
19760504,11
19760505,4
19760509,17
19760515,52
19760518,6
19760523,14
19760601,46
19760604,45
19760606,12
19760610,2
19760627,7
19760705,17
19760724,5
19760727,2
19760728,76
19760801,3
19760802,5
19760809,11
19760815,59
19760825,3
19760828,48
19760902,3
19760903,78
19760909,90
19760910,176
19760919,154
19760922,5
19760926,15
19761004,4
19761006,73
19761009,4
19761013,98
19761020,4
19761025,32
19761028,2
19761104,29
19761105,2
19761112,5
19761123,56
19761128,72
19761129,2
19761212,3
19761217,48
19761225,53
19761228,6
19761231,19
19770106,4
19770113,101
19770114,12
19770115,22
19770120,1
19770127,6
19770211,5
19770215,77
19770228,4
19770301,20
19770303,44
19770304,7
19770327,583
19770329,15
19770330,8
19770404,62
19770410,35
19770419,21
19770427,28
19770510,54
19770513,9
19770514,6
19770516,4
19770527,68
19770531,3
19770603,18
19770620,5
19770621,16
19770706,3
19770708,6
19770714,30
19770720,5
19770721,1
19770724,38
19770725,30
19770801,2
19770807,6
19770811,4
19770812,4
19770820,6
19770825,2
19770902,7
19770904,33
19770906,13
19770908,19
19770912,4
19770914,20
19770922,29
19770923,6
19770927,34
19771001,7
19771010,2
19771020,6
19771021,24
19771103,14
19771119,136
19771121,48
19771126,34
19771129,2
19771202,59
19771204,100
19771208,17
19771209,17
19771211,13
19771213,29
19771214,2
19771218,39
19771219,5
19771221,8
19771222,2
19771224,10
19771229,24
19780101,213
19780106,2
19780124,2
19780127,14
19780131,2
19780210,61
19780211,42
19780218,4
19780227,3
19780228,7
19780301,4
19780302,18
19780303,47
19780307,2
19780314,2
19780316,73
19780322,6
19780325,48
19780326,4
19780404,3
19780405,2
19780420,2
19780423,9
19780427,10
19780429,8
19780508,3
19780518,13
19780519,4
19780623,10
19780626,20
19780724,5
19780814,18
19780825,18
19780826,14
19780830,10
19780902,4
19780903,64
19780909,27
19780913,6
19780914,21
19780917,3
19780925,140
19780926,6
19781003,17
19781007,38
19781008,2
19781022,11
19781023,26
19781024,4
19781031,9
19781105,18
19781113,2
19781115,183
19781116,2
19781118,15
19781119,77
19781121,27
19781125,5
19781128,3
19781204,2
19781216,10
19781217,1
19781219,2
19781221,2
19781223,108
19781226,10
19781228,10
19790111,5
19790115,13
19790118,3
19790119,4
19790124,14
19790127,5
19790205,3
19790208,18
19790212,61
19790217,2
19790219,5
19790226,6
19790301,8
19790302,4
19790306,4
19790310,3
19790314,57
19790317,86
19790320,29
19790322,6
19790326,10
19790329,17
19790412,3
19790414,1
19790418,3
19790423,57
19790425,4
19790525,274
19790527,12
19790530,17
19790607,27
19790609,2
19790617,1
19790711,61
19790712,16
19790720,3
19790723,6
19790724,8
19790731,17
19790802,1
19790803,14
19790804,51
19790809,3
19790811,183
19790822,1
19790823,11
19790829,72
19790903,50
19790911,6
19790914,43
19790918,4
19790919,5
19790930,2
19791003,3
19791008,26
19791022,2
19791027,10
19791028,10
19791031,72
19791101,3
19791102,5
19791112,3
19791115,0
19791116,3
19791118,3
19791126,159
19791128,257
19791130,9
19791203,4
19791209,7
19791212,10
19791219,19
19791222,29
19791223,56
19800102,9
19800111,2
19800114,7
19800121,128
19800123,13
19800124,43
19800203,1
19800221,19
19800222,46
19800227,2
19800314,105
19800321,21
19800324,6
19800330,9
19800412,55
19800424,5
19800425,146
19800427,44
19800513,10
19800519,2
19800528,11
19800602,13
19800608,29
19800612,42
19800615,2
19800627,81
19800707,179
19800712,8
19800721,8
19800725,3
19800801,3
19800803,2
19800806,13
19800807,1
19800811,3
19800813,4
19800819,301
19800826,37
19800905,8
19800910,3
19800912,34
19800914,36
19800915,89
19800917,36
19800922,3
19800930,45
19801024,3
19801104,11
19801112,13
19801117,4
19801119,15
19801124,20
19801128,2
19801205,10
19801207,4
19801212,4
19801216,2
19801221,70
19801223,2
19810114,11
19810120,7
19810127,2
19810207,52
19810210,4
19810211,8
19810222,2
19810224,11
19810225,2
19810226,23
19810302,2
19810310,18
19810315,6
19810326,1
19810327,4
19810401,8
19810406,7
19810407,1
19810417,15
19810428,15
19810506,21
19810507,31
19810516,4
19810521,20
19810522,18
19810524,27
19810528,2
19810529,17
19810613,54
19810617,2
19810626,3
19810630,5
19810718,4
19810720,50
19810723,4
19810724,19
19810725,4
19810727,30
19810811,6
19810822,110
19810824,31
19810827,50
19810829,3
19810902,21
19810918,33
19810921,7
19810922,0
19810929,60
19811001,3
19811006,17
19811015,9
19811026,5
19811031,1
19811108,18
19811115,4
19811116,99
19811119,10
19811130,3
19811201,180
19811205,11
19811210,4
19811215,2
19811216,12
19811218,13
19811231,4
19820107,20
19820113,74
19820114,73
19820123,2
19820125,7
19820203,35
19820206,53
19820207,23
19820209,27
19820219,4
19820221,1
19820311,15
19820319,30
19820320,27
19820326,21
19820411,3
19820413,27
19820426,112
19820428,2
19820430,13
19820509,47
19820512,7
19820519,21
19820525,2
19820528,10
19820601,53
19820608,137
19820612,44
19820622,17
19820624,0
19820628,132
19820703,12
19820706,90
19820709,145
19820711,4
19820714,4
19820723,0
19820724,4
19820804,2
19820811,1
19820812,8
19820814,31
19820820,10
19820831,9
19820901,44
19820904,10
19820911,46
19820913,50
19820917,4
19820918,5
19820921,4
19820929,7
19821020,8
19821117,15
19821123,2
19821129,15
19821130,22
19821201,3
19821207,2
19821209,138
19821215,2
19821222,10
19821223,16
19821224,25
19830109,1
19830111,3
19830114,10
19830116,47
19830213,6
19830223,2
19830309,11
19830310,19
19830311,23
19830324,4
19830330,2
19830403,8
19830407,2
19830416,8
19830419,35
19830426,11
19830429,8
19830430,14
19830505,30
19830602,26
19830605,7
19830606,47
19830616,14
19830621,7
19830625,2
19830628,6
19830701,23
19830711,119
19830716,20
19830723,0
19830726,7
19830805,2
19830811,2
19830817,10
19830827,7
19830828,12
19830830,90
19830901,269
19830902,9
19830914,11
19830923,114
19830928,10
19831005,4
19831007,7
19831008,9
19831011,10
19831028,1
19831108,130
19831123,4
19831126,8
19831127,181
19831128,53
19831207,93
19831209,4
19831214,3
19831217,2
19831224,44
19840102,13
19840109,1
19840110,50
19840113,1
19840124,6
19840128,4
19840130,3
19840216,26
19840219,28
19840220,2
19840224,7
19840227,12
19840228,18
19840305,3
19840313,4
19840316,23
19840324,34
19840331,6
19840404,4
19840418,19
19840508,2
19840515,12
19840530,4
19840604,3
19840619,3
19840628,18
19840701,9
19840711,30
19840712,9
19840721,5
19840725,5
19840802,9
19840805,73
19840808,9
19840811,3
19840815,2
19840824,17
19840830,2
19840906,9
19840907,1
19840911,30
19840916,11
19840918,4
19840921,50
19840926,2
19841002,3
19841009,7
19841011,178
19841027,20
19841028,240
19841031,4
19841119,1
19841120,14
19841204,10
19841206,13
19841211,2
19841217,4
19841219,21
19841222,15
19841223,110
19850101,29
19850109,3
19850118,38
19850119,38
19850120,3
19850121,70
19850122,21
19850123,40
19850201,62
19850204,9
19850206,2
19850209,4
19850216,9
19850219,148
19850222,50
19850225,3
19850312,6
19850328,46
19850411,7
19850413,4
19850415,11
19850416,0
19850419,6
19850420,6
19850503,76
19850506,17
19850515,5
19850516,2
19850521,2
19850528,2
19850531,2
19850614,1
19850623,346
19850628,2
19850710,200
19850719,2
19850724,80
19850802,134
19850812,528
19850815,3
19850820,3
19850822,55
19850825,8
19850827,7
19850830,3
19850904,52
19850906,31
19850922,26
19850923,14
19850925,9
19850929,17
19851004,8
19851009,2
19851010,2
19851011,17
19851012,4
19851022,4
19851101,2
19851115,4
19851116,4
19851121,11
19851124,60
19851125,22
19851212,256
19851230,25
19851231,7
19860118,87
19860121,3
19860128,1
19860129,21
19860205,2
19860216,13
19860302,38
19860303,8
19860313,3
19860320,2
19860322,19
19860324,4
19860325,9
19860327,0
19860330,49
19860331,167
19860402,15
19860427,13
19860501,37
19860503,44
19860517,7
19860518,19
19860524,13
19860610,23
19860612,1
19860617,4
19860618,25
19860622,1
19860702,54
19860710,17
19860726,3
19860804,13
19860814,59
19860816,60
19860821,6
19860828,9
19860831,67
19860903,6
19860905,16
19860909,3
19860914,1
19860919,5
19861003,13
19861004,3
19861014,14
19861015,14
19861016,2
19861019,34
19861020,70
19861022,2
19861023,13
19861030,21
19861102,103
19861106,45
19861125,40
19861212,70
19861215,6
19861225,63
19861227,11
19870102,22
19870103,50
19870112,1
19870113,54
19870115,10
19870116,10
19870130,16
19870205,11
19870206,14
19870209,36
19870214,1
19870304,9
19870306,9
19870313,6
19870321,2
19870327,3
19870330,40
19870401,2
19870402,10
19870404,27
19870413,4
19870423,2
19870505,13
19870508,2
19870509,183
19870511,2
19870513,2
19870519,14
19870523,8
19870525,6
19870530,2
19870605,10
19870611,53
19870618,46
19870619,8
19870621,45
19870626,50
19870701,4
19870724,1
19870730,5
19870731,2
19870804,2
19870816,154
19870818,4
19870831,83
19870908,9
19870913,15
19870921,8
19871011,51
19871015,37
19871019,9
19871104,4
19871106,10
19871110,2
19871115,28
19871123,18
19871127,2
19871128,159
19871129,115
19871203,14
19871207,43
19871208,43
19871213,15
19871214,29
19871221,31
19871222,2
19871223,14
19871230,17
19880102,16
19880108,2
19880118,128
19880119,19
19880124,27
19880201,16
19880203,3
19880208,21
19880219,12
19880227,35
19880301,17
19880304,23
19880306,11
19880308,17
19880317,143
19880331,4
19880405,2
19880410,29
19880412,24
19880416,6
19880419,17
19880427,29
19880428,1
19880506,36
19880518,3
19880524,0
19880526,8
19880603,11
19880608,6
19880612,22
19880618,21
19880626,3
19880703,290
19880706,8
19880720,3
19880721,6
19880726,1
19880730,3
19880802,31
19880815,39
19880817,30
19880819,6
19880823,5
19880826,4
19880828,3
19880831,42
19880905,1
19880909,76
19880912,7
19880915,37
19880919,34
19881002,8
19881004,6
19881007,42
19881011,6
19881016,5
19881017,33
19881019,158
19881025,12
19881102,1
19881113,4
19881114,6
19881117,7
19881118,4
19881130,14
19881207,6
19881208,5
19881210,25
19881211,77
19881214,8
19881217,10
19881221,259
19890108,47
19890112,2
19890117,5
19890129,11
19890131,19
19890203,26
19890206,3
19890208,144
19890209,5
19890219,14
19890224,9
19890225,10
19890228,2
19890310,34
19890315,2
19890318,2
19890320,19
19890321,3
19890410,22
19890419,11
19890426,5
19890505,6
19890506,1
19890508,16
19890509,10
19890607,176
19890611,17
19890617,20
19890618,6
19890622,62
19890627,12
19890628,33
19890629,2
19890719,124
19890721,4
19890723,30
19890726,42
19890727,88
19890731,3
19890803,34
19890807,16
19890808,10
19890813,2
19890815,34
19890821,3
19890825,54
19890828,5
19890903,139
19890908,55
19890915,28
19890919,171
19890920,4
19890921,50
19890923,11
19890926,13
19890927,10
19890928,9
19891004,4
19891006,5
19891010,17
19891018,57
19891020,25
19891021,127
19891026,54
19891027,36
19891028,20
19891109,2
19891110,18
19891114,4
19891121,34
19891123,24
19891125,1
19891127,112
19891128,11
19891201,5
19891221,24
19891226,6
19891228,7
19891230,5
19900102,9
19900113,27
19900115,23
19900117,1
19900118,2
19900123,25
19900125,92
19900127,28
19900129,3
19900205,15
19900212,2
19900214,92
19900217,29
19900227,1
19900301,0
19900305,30
19900308,2
19900312,11
19900321,3
19900323,4
19900327,36
19900406,2
19900412,5
19900418,20
19900420,20
19900426,7
19900430,11
19900505,3
19900510,20
19900511,29
19900518,21
19900606,25
19900610,0
19900625,5
19900702,5
19900705,8
19900712,2
19900727,30
19900731,9
19900801,47
19900810,83
19900821,18
19900827,5
19900829,13
19900903,3
19900911,18
19900912,8
19900914,4
19900920,12
19900924,4
19901002,258
19901003,1
19901019,4
19901024,11
19901111,9
19901114,46
19901118,16
19901119,15
19901121,38
19901125,13
19901203,8
19901204,10
19901206,10
19901221,1
19910110,21
19910111,5
19910130,1
19910131,13
19910201,34
19910205,63
19910207,4
19910213,3
19910214,22
19910217,2
19910220,20
19910222,47
19910303,25
19910305,45
19910311,6
19910316,19
19910318,12
19910321,125
19910323,34
19910325,28
19910401,8
19910404,11
19910405,23
19910419,11
19910505,8
19910509,13
19910513,7
19910515,13
19910523,13
19910524,4
19910526,223
19910601,2
19910610,7
19910620,2
19910626,14
19910704,3
19910709,15
19910710,13
19910711,261
19910722,3
19910723,5
19910725,9
19910806,6
19910814,15
19910815,3
19910816,69
19910820,4
19910828,3
19910903,17
19910911,14
19910916,20
19910917,4
19910918,2
19910923,1
19910926,10
19910927,15
19910929,1
19911005,134
19911008,1
19911013,12
19911025,20
19911030,5
19911101,40
19911107,51
19911111,15
19911116,21
19911120,26
19911121,20
19911125,1
19911126,41
19911129,20
19911210,5
19911211,9
19911222,27
19911227,5
19911229,5
19920103,2
19920113,2
19920120,87
19920127,7
19920128,47
19920203,12
19920206,5
19920209,30
19920215,3
19920220,1
19920302,5
19920312,5
19920322,37
19920324,7
19920404,1
19920407,3
19920410,7
19920415,11
19920416,46
19920417,4
19920422,25
19920426,39
19920428,9
19920606,47
19920607,5
19920608,3
19920612,2
19920619,16
19920622,13
19920628,4
19920705,19
19920713,1
19920714,86
19920720,24
19920724,78
19920727,4
19920728,6
19920729,4
19920730,0
19920731,221
19920821,10
19920825,3
19920827,107
19920831,3
19920907,12
19920910,1
19920912,10
19920916,7
19920918,3
19920919,11
19920921,10
19920926,158
19920928,167
19921004,4
19921007,6
19921008,14
19921009,1
19921018,31
19921019,15
19921021,8
19921029,13
19921031,3
19921108,3
19921111,53
19921114,30
19921115,34
19921119,3
19921124,141
19921130,13
19921209,9
19921213,37
19921214,61
19921221,56
19921222,157
19930103,4
19930106,4
19930109,17
19930113,2
19930114,2
19930127,3
19930131,16
19930208,133
19930210,30
19930220,2
19930228,6
19930305,83
19930314,4
19930319,3
19930323,6
19930331,0
19930401,7
19930402,11
19930406,2
19930419,8
19930423,40
19930426,56
19930427,106
19930428,2
19930511,2
19930515,3
19930519,132
19930606,2
19930607,11
19930609,9
19930616,1
19930617,40
19930701,41
19930706,23
19930712,4
19930723,55
19930726,68
19930730,1
19930731,19
19930807,4
19930818,0
19930826,24
19930828,82
19930914,2
19930921,27
19930922,106
19930923,1
19931004,60
19931025,9
19931026,2
19931027,7
19931106,5
19931110,7
19931113,12
19931115,17
19931120,116
19931121,13
19931201,18
19931203,7
19931209,3
19931213,18
19931215,34
19931226,36
19940103,124
19940105,10
19940107,5
19940118,2
19940224,13
19940225,32
19940302,0
19940308,4
19940309,1
19940314,8
19940317,32
19940318,4
19940321,6
19940323,79
19940403,5
19940404,3
19940406,29
19940414,26
19940425,11
19940426,264
19940427,8
19940429,8
19940507,8
19940523,4
19940528,7
19940602,29
19940606,160
19940613,9
19940618,24
19940622,9
19940626,17
19940629,50
19940630,7
19940701,80
19940702,37
19940711,3
19940714,3
19940717,11
19940719,21
19940726,18
19940805,47
19940807,6
19940810,0
19940811,3
19940812,3
19940814,3
19940821,44
19940908,132
19940913,3
19940917,3
19940918,5
19940923,6
19940926,28
19940928,1
19940929,8
19940930,8
19941002,9
19941008,10
19941012,66
19941014,21
19941026,22
19941029,30
19941031,68
19941101,14
19941104,4
19941105,6
19941116,1
19941122,2
19941125,22
19941210,6
19941213,15
19941215,2
19941217,35
19941221,5
19941226,3
19941229,57
19950105,12
19950110,14
19950111,57
19950112,1
19950114,5
19950117,2
19950120,13
19950130,4
19950213,8
19950216,3
19950316,9
19950322,1
19950329,6
19950331,60
19950417,8
19950423,1
19950427,3
19950429,52
19950501,8
19950503,7
19950509,9
19950513,6
19950524,12
19950525,2
19950529,6
19950608,0
19950609,5
19950614,12
19950616,13
19950617,48
19950624,16
19950627,2
19950630,4
19950701,3
19950707,6
19950712,15
19950717,1
19950718,34
19950725,2
19950802,3
19950809,75
19950814,10
19950821,10
19950901,1
19950902,15
19950909,21
19950911,3
19950912,81
19950913,5
19950915,34
19950916,2
19950921,42
19950922,24
19950924,15
19950927,8
19951003,1
19951004,15
19951010,3
19951022,13
19951031,9
19951109,53
19951113,9
19951122,63
19951129,10
19951130,2
19951203,72
19951205,54
19951207,98
19951208,20
19951213,49
19951218,141
19951220,160
19951222,2
19960108,3
19960118,14
19960122,39
19960129,5
19960204,4
19960205,4
19960206,197
19960211,20
19960212,11
19960216,2
19960219,10
19960226,91
19960227,8
19960229,123
19960302,9
19960309,23
19960312,12
19960313,8
19960317,5
19960403,35
19960405,26
19960411,3
19960503,53
19960509,2
19960510,16
19960511,111
19960519,3
19960606,10
19960609,7
19960612,18
19960613,3
19960621,2
19960706,2
19960709,20
19960711,9
19960715,34
19960717,231
19960720,4
19960724,8
19960812,2
19960814,1
19960817,9
19960818,3
19960819,12
19960829,141
19960913,2
19960923,3
19960925,32
19961002,70
19961003,6
19961006,6
19961008,2
19961013,3
19961020,8
19961022,4
19961026,5
19961031,95
19961101,16
19961107,151
19961112,349
19961113,8
19961114,14
19961119,14
19961122,10
19961123,127
19961126,1
19961127,23
19961130,14
19961207,16
19961209,2
19961217,18
19961221,4
19961222,6
19961224,24
19970102,2
19970107,3
19970109,29
19970129,1
19970131,5
19970201,25
19970202,37
19970204,73
19970214,1
19970219,5
19970304,1
19970307,4
19970312,16
19970313,88
19970318,50
19970401,3
19970404,2
19970410,5
19970414,3
19970415,6
19970416,14
19970419,15
19970423,36
19970508,35
19970606,27
19970610,7
19970703,2
19970705,4
19970706,25
19970709,1
19970711,44
19970712,4
19970717,30
19970718,2
19970721,2
19970729,1
19970730,1
19970806,229
19970807,4
19970810,18
19970814,5
19970815,2
19970829,12
19970903,65
19970906,10
19970912,22
19970913,33
19970926,234
19971008,9
19971009,8
19971010,79
19971012,1
19971029,2
19971030,3
19971108,8
19971205,23
19971209,4
19971213,10
19971216,88
19971217,70
19971219,104
19971220,5
19971227,5
19971228,1
19971231,10
19980109,1
19980113,53
19980127,16
19980202,104
19980203,0
19980204,7
19980205,5
19980212,27
19980216,196
19980305,1
19980307,1
19980310,6
19980318,13
19980319,45
19980322,0
19980328,22
19980331,2
19980420,53
19980505,75
19980512,39
19980525,31
19980526,28
19980618,11
19980625,6
19980713,8
19980716,3
19980717,10
19980723,4
19980727,4
19980728,2
19980729,5
19980730,21
19980804,5
19980811,1
19980819,5
19980821,18
19980823,11
19980824,45
19980829,70
19980902,229
19980909,5
19980910,5
19980914,3
19980925,38
19980928,1
19980929,55
19981002,1
19981010,41
19981021,3
19981025,4
19981101,11
19981111,13
19981117,9
19981121,1
19981123,2
19981127,4
19981202,1
19981207,7
19981211,102
19981214,11
19981217,1
19981222,5
19981226,14
19990102,9
19990112,2
19990113,6
19990116,3
19990117,4
19990121,28
19990202,14
19990203,11
19990208,7
19990212,1
19990224,61
19990225,4
19990307,19
19990318,8
19990319,1
19990407,11
19990408,5
19990415,3
19990508,7
19990524,5
19990529,2
19990601,11
19990603,50
19990609,8
19990617,17
19990625,1
19990630,2
19990701,1
19990702,8
19990704,5
19990707,5
19990709,4
19990716,3
19990720,16
19990723,8
19990724,17
19990731,10
19990807,18
19990812,1
19990822,3
19990824,1
19990826,2
19990831,64
19990901,12
19990903,8
19990905,18
19990914,9
19990917,5
19990925,10
19991002,12
19991024,9
19991025,6
19991031,221
19991109,18
19991112,24
19991126,4
19991205,5
19991206,9
19991207,23
19991209,14
19991210,3
19991211,35
19991221,16
19991222,4
19991224,1
19991225,32
19991229,6
20000105,1
20000110,10
20000113,22
20000115,5
20000125,4
20000130,169
20000131,88
20000202,8
20000205,6
20000216,3
20000305,0
20000309,9
20000317,12
20000322,0
20000324,6
20000325,3
20000401,1
20000405,3
20000419,157
20000429,4
20000502,2
20000503,1
20000510,6
20000517,3
20000521,19
20000525,2
20000531,8
20000605,7
20000614,5
20000621,4
20000622,44
20000623,3
20000627,5
20000702,14
20000708,19
20000709,13
20000713,1
20000717,55
20000719,2
20000720,2
20000721,7
20000725,109
20000726,13
20000727,25
20000802,6
20000806,14
20000809,11
20000812,27
20000814,2
20000815,3
20000823,143
20000825,1
20000826,10
20000902,7
20000904,8
20000916,14
20000918,5
20001006,0
20001008,3
20001009,1
20001010,2
20001016,3
20001019,8
20001025,86
20001031,127
20001107,2
20001109,1
20001115,57
20001120,1
20001125,1
20001211,6
20010104,16
20010108,9
20010114,9
20010123,2
20010125,24
20010127,10
20010131,3
20010208,5
20010210,10
20010227,2
20010302,6
20010303,22
20010315,3
20010317,16
20010324,19
20010326,3
20010329,18
20010402,1
20010404,14
20010407,16
20010428,10
20010516,34
20010517,35
20010522,7
20010615,1
20010704,145
20010705,8
20010712,13
20010714,10
20010730,6
20010805,3
20010810,6
20010823,4
20010824,2
20010825,9
20010829,4
20010911,265
20010912,19
20010915,1
20010918,9
20011003,3
20011004,78
20011008,117
20011010,20
20011011,2
20011013,3
20011018,3
20011112,260
20011119,27
20011122,2
20011123,2
20011124,24
20011127,1
20011128,3
20011201,20
20011210,2
20011214,6
20011216,16
20011220,2
20011226,8
20020101,5
20020104,5
20020109,7
20020114,3
20020115,5
20020116,1
20020117,26
20020119,6
20020127,5
20020128,92
20020202,2
20020212,117
20020215,1
20020221,17
20020222,10
20020309,3
20020314,17
20020315,1
20020317,4
20020401,4
20020412,2
20020415,128
20020418,6
20020419,3
20020424,6
20020428,8
20020504,74
20020507,126
20020521,5
20020525,231
20020601,3
20020602,20
20020604,5
20020611,1
20020612,3
20020701,71
20020704,27
20020712,4
20020716,21
20020717,4
20020727,0
20020728,14
20020807,10
20020815,5
20020819,121
20020822,18
20020829,16
20020830,24
20020902,3
20020904,2
20020913,6
20020914,2
20020928,3
20021001,12
20021007,1
20021023,1
20021025,8
20021106,20
20021107,7
20021108,2
20021111,19
20021128,1
20021209,3
20021213,8
20021217,1
20021221,2
20021223,44
20021225,1
20021226,3
20021227,1
20030108,96
20030109,46
20030117,7
20030124,3
20030131,6
20030207,8
20030210,2
20030216,3
20030219,275
20030220,17
20030301,11
20030306,102
20030327,4
20030328,3
20030508,129
20030526,75
20030528,4
20030601,2
20030604,5
20030606,8
20030611,4
20030615,4
20030622,1
20030625,10
20030626,4
20030630,4
20030701,4
20030705,5
20030708,116
20030713,6
20030719,14
20030723,5
20030804,2
20030808,1
20030820,20
20030824,21
20030826,2
20030911,8
20030919,7
20030920,7
20030927,3
20031003,6
20031011,1
20031026,5
20031027,3
20031029,1
20031102,15
20031108,6
20031115,17
20031129,21
20031216,2
20031218,3
20031223,2
20031225,140
20040103,148
20040113,37
20040117,10
20040128,1
20040206,9
20040210,43
20040224,6
20040301,4
20040304,3
20040310,4
20040316,5
20040318,6
20040321,4
20040502,7
20040504,7
20040505,3
20040506,6
20040511,7
20040514,33
20040518,8
20040523,2
20040525,3
20040608,19
20040611,4
20040628,24
20040702,6
20040710,2
20040712,1
20040722,6
20040729,2
20040813,1
20040817,2
20040818,3
20040821,25
20040824,87
20040827,1
20040909,2
20040911,17
20040929,1
20041005,4
20041014,9
20041015,3
20041016,2
20041019,13
20041024,15
20041118,3
20041121,53
20041122,3
20041127,6
20041128,3
20041130,28
20041206,2
20041207,6
20041210,16
20041211,3
20050113,30
20050126,31
20050127,2
20050130,10
20050203,111
20050210,2
20050216,8
20050222,17
20050308,2
20050315,2
20050316,28
20050323,8
20050326,8
20050331,9
20050412,18
20050420,3
20050428,13
20050502,2
20050505,10
20050507,15
20050516,10
20050518,13
20050525,27
20050602,7
20050716,60
20050802,0
20050806,16
20050810,14
20050814,121
20050816,160
20050823,40
20050905,110
20050909,14
20050915,2
20050916,4
20050923,4
20051004,2
20051006,1
20051022,117
20051119,8
20051206,94
20051208,0
20051210,108
20051219,20
20051223,23
20051228,2
20060102,0
20060108,6
20060109,11
20060119,42
20060121,3
20060205,3
20060208,1
20060307,6
20060309,6
20060318,2
20060324,5
20060331,19
20060410,14
20060423,10
20060424,2
20060428,3
20060503,113
20060514,1
20060523,0
20060602,2
20060603,40
20060608,2
20060611,5
20060621,9
20060630,1
20060702,5
20060707,5
20060709,128
20060710,45
20060803,17
20060804,1
20060813,3
20060822,170
20060827,49
20060901,29
20060902,14
20060911,12
20060917,13
20060929,154
20061010,4
20061019,15
20061029,96
20061117,12
20061118,5
20061127,38
20061210,3
20061214,2
20061216,3
20070101,102
20070105,1
20070109,34
20070110,2
20070112,2
20070120,12
20070125,0
20070206,1
20070207,3
20070307,22
20070308,4
20070311,1
20070314,4
20070317,6
20070323,11
20070425,3
20070427,18
20070505,114
20070506,9
20070517,3
20070524,13
20070603,21
20070604,6
20070613,15
20070616,6
20070621,1
20070625,22
20070628,5
20070705,5
20070708,1
20070717,187
20070723,1
20070724,5
20070729,9
20070805,5
20070809,20
20070816,6
20070822,16
20070826,14
20070907,8
20070916,90
20070924,1
20071004,24
20071007,10
20071008,18
20071104,2
20071108,0
20071130,57
20071203,4
20071205,2
20071209,5
20080104,18
20080105,6
20080112,11
20080114,1
20080117,0
20080119,13
20080123,20
20080126,3
20080221,46
20080226,5
20080303,10
20080315,3
20080403,19
20080409,1
20080411,8
20080415,0
20080416,13
20080428,20
20080502,24
20080517,2
20080523,1
20080524,4
20080526,9
20080529,11
20080530,3
20080607,10
20080608,4
20080610,32
20080618,1
20080620,10
20080626,18
20080627,7
20080629,6
20080630,4
20080706,1
20080707,0
20080710,9
20080731,8
20080803,5
20080805,9
20080806,10
20080813,3
20080820,154
20080824,79
20080830,3
20080901,20
20080903,7
20080914,88
20080919,4
20080927,4
20081008,18
20081015,4
20081104,8
20081108,4
20081113,7
20081116,7
20081127,7
20081203,3
20081211,3
20081215,12
20090104,8
20090115,0
20090207,26
20090212,49
20090215,13
20090220,5
20090225,9
20090309,11
20090312,17
20090322,14
20090323,2
20090401,16
20090406,24
20090409,6
20090417,12
20090429,7
20090503,18
20090520,98
20090526,4
20090601,228
20090607,1
20090608,13
20090629,3
20090630,152
20090715,168
20090724,16
20090802,15
20090804,1
20090811,13
20090814,2
20090816,1
20090826,6
20090907,5
20090922,7
20090924,1
20091009,11
20091013,3
20091017,4
20091021,6
20091022,1
20091026,9
20091029,7
20091101,11
20091102,4
20091109,1
20091112,1
20091115,3
20091123,5
20091128,3
20091209,2
20091217,2
20091220,1
20100105,2
20100121,2
20100125,92
20100128,9
20100214,2
20100322,2
20100410,96
20100412,4
20100413,7
20100421,3
20100512,103
20100515,8
20100517,44
20100521,3
20100522,158
20100612,3
20100614,9
20100619,11
20100623,7
20100624,2
20100705,12
20100728,156
20100731,2
20100801,3
20100803,12
20100809,5
20100816,2
20100824,58
20100825,20
20100831,4
20100903,2
20100907,6
20100913,17
20101006,8
20101012,8
20101021,2
20101025,1
20101027,5
20101104,68
20101105,21
20101111,6
20101124,5
20101128,12
20101204,2
20101208,5
20101215,22
20101219,2
20101228,12
20110101,3
20110109,77
20110114,6
20110120,6
20110204,7
20110210,6
20110212,5
20110214,16
20110218,2
20110305,6
20110308,2
20110316,5
20110321,23
20110328,3
20110331,1
20110401,1
20110402,4
20110404,32
20110507,25
20110518,22
20110620,47
20110704,1
20110706,9
20110708,77
20110711,7
20110713,16
20110726,80
20110728,2
20110802,8
20110809,11
20110820,12
20110822,1
20110828,1
20110902,22
20110903,1
20110906,8
20110907,44
20110909,2
20110914,17
20110920,3
20110922,2
20110923,1
20110925,19
20110929,18
20111004,2
20111013,28
20111014,8
20111018,6
20111025,4
20111027,2
20111123,1
20120130,3
20120212,6
20120228,1
20120301,5
20120315,12
20120322,8
20120402,33
20120420,127
20120421,3
20120509,45
20120514,15
20120602,12
20120603,163
20120606,2
20120610,5
20120611,13
20120621,11
20120623,4
20120629,2
20120701,4
20120712,7
20120713,3
20120717,1
20120722,1
20120728,8
20120802,2
20120819,32
20120822,4
20120830,3
20120912,10
20120922,1
20120928,19
20121007,18
20121106,1
20121109,6
20121118,1
20121121,10
20121125,1
20121130,32
20121205,11
20121209,7
20121217,4
20121219,2
20121222,1
20121225,29
20121229,5
20130104,6
20130115,1
20130123,3
20130129,21
20130211,11
20130213,5
20130220,5
20130304,9
20130306,9
20130308,2
20130317,2
20130323,1
20130407,1
20130427,4
20130429,7
20130430,6
20130503,3
20130505,2
20130515,1
20130524,3
20130607,1
20130610,1
20130628,1
20130629,2
20130706,3
20130707,10
20130805,2
20130806,1
20130809,4
20130814,2
20130822,1
20130909,2
20130925,1
20130929,4
20131003,16
20131005,4
20131006,1
20131010,4
20131014,14
20131016,49
20131018,2
20131026,2
20131103,8
20131110,5
20131117,50
20131119,4
20131125,3
20131129,37
20131202,2
20131204,5
20131211,1
20131217,2
20131226,9
20140105,1
20140110,3
20140112,4
20140118,2
20140120,2
20140211,76
20140216,18
20140217,1
20140219,1
20140221,11
20140303,4
20140308,239
20140328,5
20140408,2
20140419,8
20140508,5
20140512,1
20140517,16
20140527,5
20140531,7
20140606,5
20140607,1
20140614,49
20140617,3
20140618,3
20140623,2
20140624,1
20140702,4
20140714,2
20140717,298
20140723,48
20140724,116
20140810,39
20140813,7
20140830,7
20140831,3
20140914,2
20140920,4
20140921,6
20141020,4
20141029,2
20141030,4
20141109,9
20141114,2
20141208,6
20141212,5
20141218,2
20141228,170
20150118,30
20150120,6
20150129,3
20150204,43
20150211,4
20150324,152
20150326,2
20150413,2
20150509,4
20150516,2
20150520,4
20150602,5
20150608,3
20150625,9
20150630,139
20150731,15
20150801,1
20150816,58
20150820,7
20150829,7
20150905,7
20150915,3
20151002,24
20151003,2
20151012,2
20151014,3
20151022,4
20151031,224
20151104,41
20151110,13
20151207,1
20151211,1
20151222,10
20151223,1
20151224,8
20160108,2
20160118,2
20160202,1
20160206,3
20160210,5
20160224,23
20160309,3
20160315,22
20160316,3
20160319,62
20160401,3
20160406,6
20160413,12
20160430,5
20160518,7
20160616,9
20160626,1
20160630,2
20160701,10
20160711,3
20160720,5
20160722,29
20160731,3
20160803,1
20160816,2
20160831,3
20160930,4
20161002,3
20161013,4
20161024,5
20161128,71
20161203,13
20161205,1
20161207,47
20161218,13
